{
  "models": {
    "Stacking_OOF": {
      "r2": 0.6828433856467229,
      "rmse": 0.2972168134870761,
      "mae": 0.2323835896353249
    }
  }
}