term,coefficient
pH,-1.7706849527377404
pH Dose,-1.7305125000000006
C0^2,1.7205631578947251
Time^2,1.7145631578947411
pH Time,-1.0834124999999994
pH^2,1.0125631578947432
Dose^2,-0.8798368421052617
C0 Time,0.6305625000000009
Dose,0.6041423688600654
C0,-0.5574083698158309
Dose Time,-0.33768750000000014
pH C0,-0.24476249999999924
Dose C0,0.13901250000000123
Time,0.055727927037094886
